,category,length,text
0,Fernsehserie nach Staat,518,"Achtung: Streng geheim! (Originaltitel: Mission Top Secret) ist eine australische Jugend- und Actionserie. Nach einem Pilotfilm von 1990 (Das Auge des Salomon) entstanden 1992/93 und 1995 zwei Staffeln mit jeweils sechs Episoden à 85 Minuten. Daneben gibt es eine alternative Fassung, in der jede Episode aus vier Teilen à 25 Minuten besteht, welche jeweils auch einen Rückblick auf die letzte und eine Vorschau auf die nächste Folge beinhalten. Der Pilotfilm wurde ab November 1992 in vier Teilen ausgestrahlt und bisher nicht wiederholt. Die weiteren Folgen liefen in Deutschland ab Oktober 1994 mehrfach in beiden Fassungen. Aktuell ist die Serie nicht mehr innerhalb der ARD zu sehen, da die Ausstrahlungsrechte in der Zwischenzeit ausgelaufen sind (erste Staffel: Ende 2012; zweite Staffel: Ende 2007). Die erste Staffel erschien am 8. April 2016 auf DVD.Im Pilotfilm stößt der junge Spanier Pedro während einer Wanderung durch Australien zufällig auf eine computertechnisch hochausgerüstete Geheimzentrale, das Centauri-Hauptquartier. Im Folgenden kämpft er mit einem Team gegen den Erzschurken Neville Savage, der auch in den weiteren Folgen der Gegenspieler der Centauri-Kinder sein wird.
Die erste Staffel handelt von den Geschwistern Albert und Victoria Wiggins, deren Eltern ums Leben kamen und die wegen Verhaltensauffälligkeiten ein Waisenhaus in Sydney verlassen mussten, woraufhin sie von ihrem Onkel Sir Joshua Cranberry adoptiert wurden. Cranberry ist ein Erfinder und Tüftler, der im Keller seiner Farm abseits von Sydney einen Super-Computer beherbergt. Dieser wird durch einen technischen Zufall das Zentrum des Centauri-Netzwerks, ein weltumspannendes Netzwerk von miteinander kommunizierenden Kindern. Der Name Centauri leitet sich von dem Sternbild ab, in dem sich der genutzte Telekommunikationssatellit zu dem Zeitpunkt befand, Alpha Centauri.
Durch Centauri wird fortan der Erzschurke Nevill Savage davon abgehalten, seine dunklen Machenschaften, in der Regel zur eigenen Bereicherung, zum Erfolg zu führen. Beispielsweise verhindert Centauri zu Beginn, dass Savage an wichtige Daten aus dem Spacelab-Projekt Astrotel gelangt, an dem der verstorbene Vater von Victoria und Albert gearbeitet hatte. Im Folgenden reisen die Centauri-Kids um die ganze Welt, etwa nach Großbritannien, Deutschland, Spanien und Südafrika, wo sie sich stets im Wettlauf mit Savage beweisen. Dabei werden Sie von den anderen Mitgliedern des Centauri-Netzwerks und von der Zentrale in Australien unterstützt.
In der zweiten Staffel werden Albert, Victoria und die Computerspezialistin Jemma Snipe, welche die Zentrale betreut hatte, nicht mehr erwähnt. An ihre Stelle rücken Spike Baxter, der Albert und Victoria schon zu Beginn der Serie aus dem Waisenhaus gefolgt war, Sandy Weston, die am Ende der ersten Staffel zunächst von Savage als Spionin in das Centauri-Netzwerk eingeschleust wurde, sowie die Geschwister Kat und David Fowler, deren Mutter als Haushälterin auf der Farm lebt und arbeitet.Die PCU (Personal Communication Unit), mit der die Centauri-Kinder in der ersten Staffel untereinander kommunizieren, ist in Wirklichkeit ein modifizierter Organizer vom Typ Sharp IQ-7000."
1,Fernsehserie nach Staat,877,"Alien Surfgirls ist eine australische Jugendserie mit Fantasy- und Science-Fiction-Elementen. Sie wurde von 2011 bis 2012 von Jonathan M. Shiff Productions in Zusammenarbeit mit dem ZDF, ZDF Enterprises und dem australischen Sender Network Ten produziert. Die Erstausstrahlung erfolgte am 29. Mai 2012 zunächst in den USA auf dem Sender TeenNick und am 22. Juni 2012 bei Network Ten. In Deutschland begann der Sender KiKA die Ausstrahlung am 9. Juli 2012, bevor sie auch im ZDFtivi gezeigt wurde.In einer stürmischen Nacht explodiert das Raumschiff der Aliens-Teenager Zoey und Kiki, die vom Planeten Lumina kommen, und die beiden landen in der verschlafenen Küstenstadt Lightning Point. Da ihr Raumschiff sich nicht mehr steuern lässt, müssen sie einen längeren Aufenthalt auf der Erde in Kauf nehmen. Aber darüber sind sie nicht abgeneigt, da sie endlich ihren Traum verwirklichen können: Surfen im Pazifik. Sie freunden sich mit dem Surfgirl Amber an, die hinter ihr Geheimnis kommt und die beiden bei sich aufnimmt. Jedoch kommt es immer wieder zu Komplikationen mit Zoey und Kiki, da sie unerkannt bleiben müssen. Vor allem Ambers bester Freund Luca kommt den beiden immer auf die Schliche, aber die drei müssen auch noch herausfinden, dass Zoey und Kiki wahrscheinlich nicht die ersten Außerirdischen in Lightning Point sind.Amber Mitchell
Amber wuchs in Lightning Point auf und ihr Leben war ziemlich normal, bis sie Zoey und Kiki kennenlernte. Seitdem unterrichtet sie die zwei, wie man auf der Erde lebt und handelt. Sie lebt mit ihrer Mutter, die als Sergeant bei der Polizei arbeitet, und ihrem Hund Piper zusammen. Sie ist mit Luca Benedict befreundet, teilt aber nicht seine Besessenheit für Außerirdische. Wenn sie nicht gerade Zoey und Kiki unterrichtet, gibt sie kleinen Kindern Surfunterricht.Zoey
Zoey ist schlauer, wilder und impulsiver als die meisten Menschen auf der Erde. Sie will die Kontrolle über jede Situation, aber das ist auf einem unbekannten Planeten schwierig. Zoey ist von Natur aus ehrgeizig und sie kann nicht widerstehen, eine Herausforderung zum Surfen anzunehmen. Dabei erregt sie die Aufmerksamkeit von Brandon Benedict, aber gleichzeitig den Hass von Brandons Freundin Madison.Kiki
Kiki ist sensibel und neugierig und ist von Lightning Point fasziniert und genießt alles, was der Ort zu bieten hat. Sie liebt es, in der Natur zu sein, vor allem auf einem Surfbrett. Außerdem will sie die Tiere, die Menschen und auch sonst alles kennenlernen. Kiki will verstehen, was es wirklich bedeutet, ein Mensch zu sein. Kiki hat oft Heimweh nach Lumina, aber als sie Gefühle für Luca entwickelt, wird ihr klar, dass der Aufenthalt auf der Erde doch seine Vorteile hat.Luca Benedict
Er ist ein Außenseiter in Lightning Point, da er nicht surft, aber an UFOs und außerirdisches Leben glaubt. Dies macht ihn zu einem leichten Ziel für Brandon und seine Freunde. Amber ist der einzige Mensch, der Luca wirklich versteht. Die beiden sind seit ihrer Kindheit befreundet, als sie Nachbarn waren. Als Zoey und Kiki ankommen, glaubt Luca, Anzeichen außerirdischer Aktivität gefunden zu haben. Er beschließt, dies weiter zu untersuchen. Als er und Kiki sich näherkommen, wird seine Überzeugung von der Anwesenheit von Aliens stärker. Er weiß nicht, dass Kiki ein Alien ist.Brandon Benedict
Brandon ist der beliebteste Surfer der Stadt, weshalb er eine kleine lokale Berühmtheit ist. Außerdem ist er der beste Surfer, bis Zoey auftaucht. Er ist von ihr sofort begeistert, was seine Freundin Madison nicht erfreut. Er ist der Adoptivbruder von Luca. Er neckt seinen Bruder, weil dieser an UFOs und Aliens glaubt.Madison
Sie hält sich selber für das heißeste Mädchen in Lightning Point und ist deshalb nicht begeistert, dass Zoey und Kiki in der Stadt auftauchen. Madison bekommt immer das, was sie will und setzt alles daran, die Beliebteste in der Stadt zu sein. Dafür sind ihr alle Mittel recht. Als sie herausfindet, dass zwischen ihrem Freund Brandon und Zoey die Funken sprühen, setzt sie alles daran Zoey schlecht aussehen zu lassen.Am 25. August 2010 wurde die Produktion der Serie bekanntgegeben. Es wurden hunderte von Teenagern für die Hauptrollen gecastet, die meisten davon aus Australien. Die Dreharbeiten zur ersten Staffel begannen am 8. November 2011 in den Village Roadshow Studios an der Gold Coast. Im Januar 2013 wurde bekannt, dass es keine zweite Staffel geben wird.Die Serie wird seit dem 29. Mai 2012 auf dem US-amerikanischen Fernsehsender TeenNick ausgestrahlt. In Australien soll die Serie ab dem 22. Juni 2012 auf dem Sender Network Ten ausgestrahlt werden. Während die Serie in den USA unter dem gleichen Titel geführt wird, wird die Serie in Australien unter dem Titel Lightning Point ausgestrahlt.
In Deutschland lief die Serie vom 9. Juli bis zum 6. August 2012 in der Primetime von KiKA. Das ZDFtivi strahlte die Serie ab dem 10. November 2012 aus."
2,Fernsehserie nach Staat,1199,"All Saints ist eine australische Fernsehserie von Jo Porter, Di Drew und MaryAnne Carroll, die von 1997 bis 2009 im Auftrag des australischen Senders Seven Network produziert wurde. Sie handelt von den Krankenschwestern und Ärzten, die im Sydneyer Krankenhaus All Saints General Western Hospital arbeiten. Die Ausstrahlung der Serie begann am 28. Februar 1998 auf Seven Network und wurde am 27. Oktober 2009 nach über 490 ausgestrahlten Episoden beendet. Sie ist damit die bis dato am längsten laufende Ärzte- bzw. Krankenhausserie und nach Blue Heelers und Homicide die am drittlängsten laufende Dramaserie in Australien. Sie wird auch als der australische Rivale zur US-amerikanischen Krankenhausserie Emergency Room – Die Notaufnahme bezeichnet.
In Australien erzielte die Serie eine der größten Einschaltquoten für Dramaserien und erfreute sich auch in Übersee, darunter Großbritannien, Irland und Belgien, großer Beliebtheit. In ihrer elfjährigen Laufzeit konnte die Serie neun Logie Awards, die mit den Emmys in den USA vergleichbar sind, und zwei AFI Awards gewinnen. Daneben wurde sie insgesamt 55-mal für einen dieser beiden Preise nominiert.All Saints zeigt die Arbeit der Krankenschwestern und Ärzte in dem fiktionalen Krankenhaus All Saints General Western Hospital, welches in einem Vorort in Sydney liegt, aus der Perspektive der Schwestern, sodass der Zuschauer einen Einblick in die Arbeit dort bekommt. Die Serie konzentriert sich dabei auf einige Schwestern, Ärzte und andere Mitarbeiter und ihre Probleme bei der Arbeit. Daneben zeigt sie auch die Beziehungen untereinander sowie ihr Privatleben. Ein wiederkehrende Elemente sind das herumärgern des Krankenhauses mit Rechtsstreitigkeiten, oder das Thematisieren von strafrechtliche Anklagen und Angeklagten. Die Episoden beginnen häufig mit der Einlieferung eines neuen Patienten. Die Schwester erklärt daraufhin dem Arzt die Anamnese und seit der Verletzung bereits durchgeführten Behandlungen. Daraufhin werden unerwartete oder überraschende Krankheiten diagnostiziert. In der Regel sind die Geschichten in den einzelnen Episoden abgeschlossen.
Die Staffeln eins bis sieben handeln hauptsächlich vom Alltag der Station 17, welche von der Krankenschwester Terri Sullivan geleitet wird. Die Station wird allgemein auch als „Müllstation“ bezeichnet, da sie die meisten Patienten aufnimmt. In der Mitte der siebten Staffel wird die Station 17 schließlich geschlossen, woraufhin die Ärzte und einige Schwestern nun in der Notaufnahme weiterarbeiten. Die Staffeln sieben bis elf zeigen so den Alltag in der von Frank Campion geleiteten Notaufnahme. In diesen Staffeln wird mehr auf das Privatleben der Hauptcharaktere sowie der Schwestern auch einiger Ärzte eingegangen. In der zwölften und zugleich letzten Staffel wird neben der Notaufnahme auch das Team der Medical Response Unit thematisiert. So werden Ärzte mit einem Hubschrauber zum Patienten geflogen oder mit diesem Patienten ins Krankenhaus gebracht.
In der letzten Episode richten die Mitarbeiter der Notaufnahme und der Medical Response Unit der letzten seit Eröffnung des Krankenhauses noch arbeitenden Schwester Yvonne „Von“ Ryan zum Abschied an ihrem letzten Arbeitstag ein Dinner aus.Die Produktion der Serie begann Anfang 1998 in Sydney. Als Außenkulisse des All Saints General Western Hospital diente das Repatriation General Hospital im Sydner Vorort Concord. Daneben wurde das Ku-ring-gai Hospital in Hornsby für weitere Außenaufnahmen und für einige Stellen im Innenraum, wie den Operationssälen, verwendet. Als Reaktion auf die zurückgegangenen Einschaltquoten, gefolgt von dem Abgang von Erik Thomson als Dr. Mitch Stevens, entschieden die Produzenten der Serie den Haupthandlungsort von der Station 17 zur Notaufnahme des All Saints Western General Hospital zu wechseln. Das Set für die Notaufnahme wurde zum Jahreswechsel 2003/2004 aufgebaut und die Dreharbeiten dazu begannen im Februar, sodass die ersten Episoden mit der Notaufnahme bereits im April 2004 im Fernsehen zu sehen waren. Der Wechsel bescherte den Drehbuchautoren die Möglichkeiten einige Charaktere rauszuschreiben und dafür neue einzuführen. Mit dem Umzug, der als „All Saints’ Notoperation“ (englisch All Saints’ emergency surgery) bezeichnet wurde, wurden nun neben dem Privatleben der Schwestern diese auch bei einigen Ärzten näher behandelt. Dieser Themenwechsel brachte der Serie schließlich die erhoffte Steigerung der Einschaltquoten ein.
Zu Anfang der zwölften Staffel im Jahr 2009 wurde dann die Medical Response Unit eingeführt. Diese besitzt einen Hubschrauber und ein Fahrzeug mit Allradantrieb, wodurch es an Ort gelangen konnte, an die ein Krankenwagen nie hinkommen würde. So wurden in der Staffel neben der alltäglichen Arbeit in der Notaufnahme auch einige Szenen mit den Rettungssanitätern gezeigt. Als einer der Rettungsassistent wurde Mirrah Foulkes engagiert. Nachdem bereits im Juli aufgrund von zu Hohen Kosten das Serienende nach der aktuellen zwölften Staffel bekannt gegeben wurde, erfolgte der letzte Drehtag zur Serie am 26. August 2009.Änderungen in der Hauptbesetzung der Serie gab es seit dem Serienstart in jeder Staffel. So kommen neue Charakter zu Anfang der Staffel als auch im weiteren Verlauf dieser hinzu, wobei einige vorher auch als Nebencharakter eingeführt wurden. Aussteigende Charakter verlassen die Serie auch nicht immer mit dem Staffelfinale, wobei manche auch später noch als Gastdarsteller zurückkehrten. Die wichtigsten Nebendarsteller sind im folgenden Abschnitt Nebenbesetzung zusammengefasst.Die Ausstrahlung der Serie begann am 24. Februar 1998 mit einer Doppelfolge auf dem australischen Sender Seven Network. Das erste Staffelfinale wurde am 17. November 1998 ausgestrahlt. In den folgenden Jahren begann die neue Staffel immer im Februar und endete im November desselben Jahres. Die Episodenanzahl lag zwischen 40 und 43 Episoden pro Staffel, die letzte besteht nur aus 37 Episoden. Aufgrund zu hoher Produktionskosten wurde im Juli 2009 das Ende der Serie nach der aktuellen zwölften Staffel bekannt gegeben und diese um drei Episoden verkürzt. Die Ausstrahlung der letzten Staffel wurde schließlich am 27. Oktober 2009 beendet. All Saints ist mit 494 Episoden die am längsten laufende Ärzte- bzw. Krankenhausserie und nach Blue Heelers und Homicide die am drittlängsten laufende Dramaserie Australiens.
Eine Ausstrahlung in Deutschland oder dem deutschsprachigen Raum gibt es nicht.Im Jahr 2005 erwarb EMI Australia die Rechte an einer DVD-Veröffentlichung und brachte die ersten fünf Staffeln zwischen dem 28. November 2005 und dem 9. Juli 2007 heraus. Nachdem EMI 2007 die Rechte verloren hatte, erwarb Universal Pictures Australia sie 2008 und veröffentlichte die Staffeln acht bis zwölf zwischen dem 9. September 2009 und dem 29. September 2010. Die Staffeln sechs und sieben folgten schließlich mit den Neuveröffentlichungen der ersten fünf Staffeln am 2. März 2011.Insgesamt konnte die Serie in ihrer elfjährigen Laufzeit neun Logie Awards in den Kategorien Most Popular Actress, Most Popular Actor und Most Popular Program und zwei AFI Awards in der Kategorie Beste Episode in einer Dramaserie gewinnen. Die Schauspielerin Georgie Parker gewann in den Jahren 2001 und 2002 den Award in der Kategorie Most Popular Personality On Australian Television. Daneben wurde die Serie zweimal vom Australian Screen Sound Guild in der Kategorie Best Achievement in Sound for a Drama Series geehrt. 2009 konnte der Kameramann Matthew Horrex den ACS-Award in der Kategorie Best Cinematographer in Telefeatures, TV Drama & Mini Series gewinnen."
3,Fernsehserie nach Staat,142,"Alle lieben Diggy ist eine australische Zeichentrickserie, die zwischen 1997 und 1998 produziert wurde.Diggy ist der beste Freund der kleinen Daisy und sehr neugierig. Hat er sich einmal eine Sache in den Kopf gesetzt, will er diese auch durchziehen. Dafür reist er auch an viele verschiedene Orte und lässt sich von niemanden dabei aufhalten. Daisy ist allerdings meist nie weit entfernt, da sie dafür sorgt, dass das Schlimmste verhindert wird.Die Serie wurde zwischen 1997 und 1998 in Australien produziert. Dabei sind 13 Doppelfolgen entstanden. Regie führten Tony Ealey und Wally Micati und die Musik stammt von Clive Harrison.
Die deutsche Erstausstrahlung fand am 10. September 1999 auf dem Fernsehsender Junior statt. Weitere Ausstrahlungen erfolgten ebenfalls auf RTL II, Fix & Foxi und YFE TV und auf mehren Video-on-Demand-Angeboten."
4,Fernsehserie nach Staat,249,"Angry Boys ist eine australische Comedyserie im Mockumentary-Stil von Chris Lilley welcher zugleich als Darsteller in unterschiedlichen Rollen agiert. Die Serie erkundet das Leben junger Heranwachsender im 21. Jahrhundert und zeigt deren Einflüsse, Träume und Ambitionen. Lilley übernimmt dabei mehreren Rollen:

Daniel und Nathan Sims, zwei Südaustralische Zwillinge,
S.mouse, ein amerikanischer Rapper,
Jen, eine manipulative japanische Mutter,
Blake Oakfield, ein Surfchampion,
Ruth Sims, eine Sicherheitsfrau in einem Jugendarrest und Großmutter von Daniel und NathanDie Serie ist eine Co-Produktion der Australian Broadcasting Corporation und des US-amerikanischen Kabelsenders Home Box Office. Der britische Sender BBC Three hat die Serie zudem bereits vor Fertigstellung eingekauft. Gedreht wurde in Melbourne, Los Angeles und Tokio. Die Premiere erfolgte am 11. Mai 2011 um 21:00 Uhr auf dem australischen Sender ABC1. Nach einer Staffel mit zwölf Episoden wurde die Serie eingestellt.Die deutsche Synchronisation entstand durch die Synchronfirma Level 45 GmbH in Berlin.Die Erstausstrahlung erfolgte am 11. Mai 2011 auf dem australischen Sender ABC1 und erreichte eine Quote von 1,368 Millionen Zuschauern. Die zweite Episode erreichte mit 1,346 Millionen Zuschauern annähernd die gleiche Quote. Im Verlauf der ersten Staffel sanken die Quoten jedoch stetig ab, so dass die zehnte Episode mit 0,453 Millionen Zuschauern den niedrigsten Wert der Serie hatte.Die deutschsprachige Erstausstrahlung wurde vom 26. Juni bis zu 11. September 2013 auf dem Pay-TV Sender Sky Atlantic HD ausgestrahlt."
5,Fernsehserie nach Staat,192,"Auf der Suche nach der Schatzinsel ist eine australische Fernsehserie, in der sich mehrere Charaktere auf die Suche nach Robert Louis Stevensons Schatzinsel begeben.Robert Louis Stevenson, der Autor der „Schatzinsel“, liegt im Sterben. Er erzählt seinem Freund Baumann, dass die Insel und der Schatz tatsächlich existieren und vererbt ihm eine Schatzkarte. 100 Jahre später macht sich Paul Raymond, der in den Besitz der Karte gelangt ist, auf die Suche nach der Schatzinsel. Mit an Bord ist der Ururenkel von Stevensons Freund, Karl Baumann, der die Geschichte der Schatzinsel kennt. Das Schiff gelangt in einen Sturm, bei dem Karl über Bord geht und als einziger Überlebender zurückkehrt. Als Pauls Frau Sally erfährt, dass ihr Mann möglicherweise noch am Leben ist, macht sie sich mit den Kindern Jacqui und Mark und mit Karl Baumann und dem Kapitän Escovar auf den Weg, Paul zu finden. Unterwegs nehmen sie Thea an Bord, die hilflos auf einem Floß treibt. Als sie sich der Insel nähern, geraten sie in einen gewaltigen Malstrom.Erste Staffel

Zweite Staffel"
6,Fernsehserie nach Staat,341,"Auf und davon (Originaltitel: Runaway Island) ist eine 16-teilige australisch-französische Kinder- und Jugendfernsehserie. Die Buchvorlage lieferte Paul Wheelahan, der die Geschichte nach einer wahren Begebenheit erzählte. Regie führte Frank Arnold.Die Geschwister Jaime und Jemma McLeod leben mit ihrem Vater auf einem Landsitz nahe der Hafenstadt Sydney. Zu Anfang des 19. Jahrhunderts ist Australien noch britische Kolonie und wird vornehmlich dazu benutzt, Straftäter aus dem Mutterland dorthin zu verbannen. Kontrolliert wird der Bundesstaat New South Wales von dem korrupten und gewalttätigen Captain Corkle, der das Recht mit Füßen tritt und die Einwohner mit seinen Polizeieinheiten und Helfershelfern einzuschüchtern sucht. Lachalan McLeod, der Vater der Kinder ist entschlossen, dem Treiben von Corkle und seiner Bande ein Ende zu setzen. Akribisch hat er belastendes Material gesammelt, das er nun nach England bringen will, um eine Absetzung und Anklage gegen Corkle zu erwirken. Doch Corkle kommt ihm zuvor und lässt ihn verhaften.
Auch Jaime und Jemma McLeod geraten in die Hände von Corkle und seinen Schergen und landen im Gefängnis. Dort lernen sie die Straßenjungen Tom und Nipper kennen. Es gelingt ihnen zu fliehen. Mit Hilfe der Wirtin Polly, die eine Taverne am Hafen betreibt, sowie dem Landarbeiter Rodriguez flüchten die Kinder auf eine Insel nahe der Stadt. Inzwischen haben sich weitere Straßenkinder ihnen angeschlossen, die, getrieben von Hunger und bitterer Armut, nichts mehr zu verlieren haben. Hinzu kommt noch der Landstreicher Joe Dunn, den sie für sich gewinnen können. Sie alle schwören, gemeinsam den Kampf gegen Corkle aufzunehmen und alles zu tun, um McLeod zu befreien und Gerechtigkeit zu erwirken.Allein gegen alle
Die Tabaksdose
Mitgegangen - Mitgefangen
Wettlauf gegen die Zeit
Der Verrat
Ein Freund namens J.M.
Auf der Flucht
Es lebe die Freiheit
Die Macht des Goldes
Der schwarze Falke
Das Geheimnis der Todesschlucht
Die Goldmine
In der Falle
Ein Schiff aus Spanien
Der Schatz der Inkas
Das Duell"
7,Fernsehserie nach Staat,283,"Australien-Express (Originaltitel: Five Mile Creek) ist eine australische Westernserie, von der zwischen 1983 und 1985 drei Staffeln entstanden. Sie basiert auf dem Bestseller-Roman The Cherokee Trail von Louis L’Amour. Produziert wurde die Serie von der Walt Disney Company.Australien zur Pionierzeit Mitte des 19. Jahrhunderts: Zahlreiche Abenteurer haben sich im Goldrausch hier niedergelassen. Das Land ist wild und voller Buschräuber. Trotzdem wollen der Amerikaner Con Madigan und der Australier „Gentleman Jack“ Taylor eine Postkutschenlinie vom Küstenort Port Nelson nach Wiga aufbauen. Zu ihren Verbündeten zählt Kate Wallace, die in Five Mile Creek eine Zwischenstation betreibt. In der Amerikanerin Maggie Scott, die mit ihrer Tochter Hannah in Five Mile Creek strandet, findet Kate eine Freundin und Helferin. Gemeinsam kämpfen sie gegen finanzielle Schwierigkeiten und andere Hindernisse im Land, um den Australien-Express ins Rollen zu bringen.In Australien wurden die 13-teilige erste Staffel vom 4. November 1983 bis zum 16. Mai 1984 auf Seven Network ausgestrahlt. Die zweite Staffel mit weiteren 13 Episoden war vom 6. Juni bis zum 5. Dezember 1984 zu sehen. Die dritte und letzte Staffel, die wiederum aus 13 Episoden besteht, lief vom 2. Januar bis zum 7. August 1985 auf Seven Network.Die deutschsprachige Erstausstrahlung der ersten beiden Staffeln war vom 13. Dezember 1986 bis zum 13. Juni 1987 im Ersten. Die dritte Staffel folgte vom 23. Juni bis zum 15. September 1990 ebenfalls im Ersten.2005 veröffentlichte Disney die DVD zur ersten Staffel der Serie. Über eine Veröffentlichung der beiden anderen Staffel ist nichts bekannt."
8,Fernsehserie nach Staat,401,"Bananas in Pyjamas ist eine für Kinder gedrehte Puppenfilmserie aus Australien. 
In Australien läuft die Serie seit 1992 auf dem Sender ABC. In diesem Jahr wurde sie auch produziert. Erstmals in den Jahren 1996 und 1997 wurde die Sendung in Deutschland auf dem Sender ZDF ausgestrahlt.Die Serie handelt von zwei befreundeten Riesenbananen in blau-weißgestreiften Schlafanzügen, die gerne viel Spaß miteinander haben und immer wieder nur eins im Sinn haben: Jeden Dienstag drei unschuldige Teddybären namens Amy, Lulu und Morgan zu jagen.
Ansonsten besuchen sie gerne ihren Freund Rätti, eine Ratte mit Käppi, die einen Krämerladen besitzt und eine etwas hinterlistige Rolle spielt.
Alle zusammen leben sie fröhlich und gemeinsam in der sogenannten Knuffelallee.
Die zwei Bananen, die die Hauptrollen spielen, nennen sich kurz B1 und B2. Sie sind zwar nicht besonders schlau, scheinen aber immer gute Ideen zu entwickeln und sehr kreativ zu sein. Der traditionelle Ausspruch der Sendung ist der Satz: „Denkst du auch, was ich denke, B1?“ Darauf antwortet dann B1: „Ich glaub schon, B2!“ Daraufhin rufen sie beide im Chor: „Jetzt wird gefeiert!“Die Verfasser dieser Sendung hießen:

Simon Hopkinson
Bob La Castra
Debra Oswald
Richard Tulloch
Kris WyldFolgende Personen haben in den Kostümen mitgewirkt

Duncan Wass: B1 (1992–1993)
Ken Radley: B1 (1993–)
Nicholas Opolski: B2 (1992–)
Sandie Lillingston: Amy (1992–1993)
Mary Ann Henshaw: Lulu (1992–1993)
Taylor Owyns: Lulu (1993–)
Jeremy Scrivener: Morgan (1992–)
Shane McNamara: Rätti (1993–)Das Titellied lautet:

Bananas in Pyjamas sind lustig anzuseh'n.
Bananas in Pyjamas – zwei, die sich gut versteh'n.
Bananas in Pyjamas wollen Teddys necken geh'n,
doch allen macht das großen Spaß, ihr werdet es gleich seh'n.Die Serie wurde in mehrere Sprachen übersetzt und verbreitet. Bisher sind vier Videos auf dem deutschen Markt erschienen und im Handel erhältlich. 

Die Schatzsuche
Die Pyjamaparty
Monster Bananas
Die Teddys ShowDie deutsche Fassung wurde von TV+Synchron Berlin produziert.Internetfilm-Datenbank (Verfasser und Darsteller)
Das Fernsehlexikon (Seite 114)
wunschliste.de: Bananas in Pyjamas (Australien, 1992–2000) – Serieninfos & News"
9,Fernsehserie nach Staat,438,"Bangkok Hilton ist eine australische Miniserie von Ken Cameron aus dem Jahr 1989.Der jungen Australierin Katrina Stanton wird von ihrem Urlaubsflirt Heroin untergeschoben. Sie wird in Bangkok im Bangkwang-Gefängnis eingesperrt, das zynisch „Bangkok Hilton“ genannt wird. Ihr Vater, ein pensionierter Jurist, der bisher in ihrem Leben nicht die geringste Rolle gespielt hat, versucht, sie mit Hilfe eines befreundeten Anwalts frei zu bekommen. Ihr droht die Todesstrafe. Der Urlaubsflirt entpuppt sich als gewerblicher Drogenhändler und ist zunächst spurlos verschwunden, so dass das Gericht der Australierin keinen Glauben schenkt. Der Vater versucht vorerst erfolglos, den Drogenhändler ausfindig zu machen, indem er seine Reiseroute nachvollzieht und zwecks Recherche sogar nach London reist. Im indischen Goa verfehlt er ihn nur um Haaresbreite.
Im Gefängnis freundet sich Katrina Stanton mit der wegen Drogenhandels zum Tod verurteilten Mandy Engels an. Durch ihre Hilfe weiß sie bald, welche Vergünstigungen durch Bestechung erreichbar sind. Mandys geistig behinderter Bruder sitzt in der Männerabteilung des Gefängnisses, weshalb sie auch weiß, wie man in die Männerabteilung kommen kann.
Mandy und ihr Bruder werden bald darauf hingerichtet. Katrina wird ebenfalls zum Tode verurteilt. Aber der Anwalt und seine Mandantin geben nicht auf. Der Vater gibt gegenüber dem Anwalt zu, vor Kriegsende 1945 selbst in dem Gefängnis als Kriegsgefangener eingesperrt gewesen zu sein und einen Ausbruchsversuch verraten zu haben. Nun kann er mit diesem Wissen seiner Tochter helfen: Sie bricht durch die Männerabteilung aus dem Gefängnis aus und kann mit Hilfe eines falschen Passes nach Australien ausfliegen.
Nachdem sich Vater und Tochter in einem Hotel in Goa auf die Lauer gelegt haben, gelingt es zu guter Letzt auch, den Drogenhändler der Polizei zu übergeben.Nicole Kidman wurde im Jahr 1989 für den Australian Film Institute Award nominiert.Mit dieser Filmrolle wurde Nicole Kidman bekannt. Ihr Vater wurde von dem damals bereits schwer kranken Denholm Elliott gespielt, für den es eine seiner letzten Rollen war.Die kanadischstämmige Hollywoodschauspielerin Deborah Kara Unger gab als Zellengenossin Astra ihr Debüt als Schauspielerin.Mittlerweile hat sich mit dem Fall Schapelle Corby ein vergleichbarer Sachverhalt tatsächlich zugetragen.Tatsächlich gab es schon früher einen ähnlichen Fall, dessen Echo in der englischen Presse mit zur Entstehung des Films beigetragen haben mag: den von Rita Nightingale, die ebenfalls in Thailand im Gefängnis saß, weil ihr ein Freund Rauschgift untergeschoben hatte. Das passierte 1977 − bevor Bangkok Hilton entstand. Allerdings kam Rita Nightingale durch eine Begnadigung frei, was damals aber auch sehr ungewöhnlich war."
10,Oper,2012,"Unter einer Arie (von italienisch aria = ‚Weise‘, ‚Luft‘; dies wiederum von lateinisch aer bzw. altgriechisch ἀήρ = ‚Luft‘) versteht man ein solistisch vorgetragenes Gesangsstück in der klassischen Musik. Eine Instrumentalbegleitung kann von der reinen Continuo-Begleitung mit nur einer Laute oder einem Cembalo, über ein kleines Ensemble mit einem oder mehreren Solo-Instrumenten bis hin zu einem großen Orchester gehen. Meistens ist eine Arie ein Teil eines größeren Werkes wie einer Oper, einer Kantate oder eines Oratoriums. Es gibt jedoch auch Einzelkompositionen, wie z. B. die Konzertarie. Die Arie vermittelt die Gefühle und Stimmungen, den sogenannten Affekt, eines bestimmten Moments, d. h. im Normalfall findet keine Handlung statt, im Gegensatz zum Rezitativ. Es können die verschiedensten Gefühle ausgedrückt werden, wie Liebe, Freude, Wut, Rache, Entrüstung, Angst, Zweifel usw. In der barocken Oper entstanden schon im 17. Jahrhundert je nach Inhalt außerdem bestimmte Typen, wie die Sturmarie – im Text oft mit Vergleichen wie einem stürmischen Meer oder einem sinkenden Schiff -, die Beschwörungsarie, Verführungsarie, Schlummerarie, Abschiedsarie, Toilettenarie – letztere wurde von einer Frau gesungen, die sich vor ihrem Spiegel schön macht und schmückt. Sehr beliebt waren auch Arien, die den Gesang der Vögel imitieren.Im Vergleich zum Sprechgesang des Rezitativs wird die Stimme in einer Arie rein lyrisch und melodisch behandelt (melismatisch), und besonders in der Ära des Belcanto auch oft kunstvoll und verziert. Auch die Begleitung kann melodisch und reich ausgeschmückt sein. In einer Arie sind oft Wiederholungen in Text und Melodie enthalten. Ist ein Stück weniger umfangreich, der Affekt gemäßigter, so spricht man auch von einer Ariette, einer „kleinen Arie“. Es gibt verschiedene Arienformen, unter anderem die Dacapo-Arie, die Cavatine und die Cabaletta. Eine Bravourarie rsp. Bravour-Arie ist eine schwierige, auf virtuose Wirkung abzielende Arie. Die erste Arie einer Opernfigur nennt man Auftrittsarie. Zum Szenenschluss gibt es außerdem die sogenannte Abgangsarie. In einer Opera seria im 18. Jahrhundert standen einer Primadonna oder einem primo uomo (normalerweise ein Kastrat) mindestens fünf Arien zu – jede Arie von einem anderen Affekt oder Charakter –, der seconda donna und dem secondo uomo drei Arien, kleinere Nebenrollen bekamen nur ein oder zwei, oder gar keine Arie.Im Gegensatz zur affektbetonten Arie steht das Rezitativ, das die Handlung vorantreiben soll. Es enthält normalerweise keine Wiederholungen, und seine Begleitung ist einfacher als die einer Arie. Vor allem jedoch ist für das Rezitativ ein Sprechgesang typisch, der im Gegensatz zu dem Lyrismus einer Arie steht. Innerhalb eines Rezitativs können kurze melodiösere, arienartige Abschnitte begegnen, diese nennt man Arioso. Sehr oft ist einer Arie ein Rezitativ vorangestellt, das inhaltlich bereits die Arie vorbereitet, also die Abfolge: Rezitativ – Arie. Das gilt besonders innerhalb von Oper, Oratorium und Kantate, aber auch bei Konzertarien. Eine Arie unterscheidet sich von Gesangsstücken für mehrere Gesangsstimmen, die je nach Anzahl der beteiligten Stimmen Duett, Terzett, Quartett etc. genannt werden. In einer Oper gibt es auch Stücke mit noch mehreren Gesangspartien, z. T. sogar mit Chor, der übergeordnete Begriff dafür lautet: Ensemble. Im Gegensatz zur Arie ist das Lied sowohl formal, und besonders gesanglich (bzw. gesangstechnisch) normalerweise einfacher gehalten. Die Grenzen sind jedoch fließend. So können die Anforderungen vor allem an eine expressive Gestaltung beim sogenannten Kunstlied beachtlich sein; dieses ist jedoch inhaltlich und in der Besetzung normalerweise intim gehalten.Eine frühe Form der Aria, die schon Giulio Caccini (Le nuove musiche, 1601 und 1614) und andere Komponisten um 1600 und in der ersten Hälfte des 17. Jahrhunderts verwendeten, hatte eine Strophenform, d. h. die ganze, meist eher kurze Aria wurde mindestens einmal wiederholt, je nach Zahl der Strophen. Der Charakter solcher Arien ist meistens leichtfüßig, und sie sind oft in Dreiermetren gehalten, die Begleitung im Frühbarock bestand oft nur aus dem Continuo. Diese Arien konnten auch von vornherein virtuos sein und Koloraturen enthalten. Rein theoretisch wäre außerdem eine jeweils andere Auszierung und / oder Darstellung durch den Sänger bzw. die Sängerin bei jeder Wiederholung denkbar (eventuell durch den jeweils unterschiedlichen Text motiviert). Die Arie in Strophenform wurde auch später noch verwendet, beispielsweise Papagenos Arie „Der Vogelfänger bin ich ja“ aus Mozarts Zauberflöte (1791). Eine zweiteilige Arien-Form ||: a :||: b :|| steht formal in einem engen Verhältnis zur zeitgenössischen barocken Tanzmusik. Dies war die normale und meistverwendete Arienform der französischen Barockoper (Lully, Campra, Rameau u. a.). Charakterlich konnten solche Arien einem ganz konkreten Tanz entsprechen, z. B. einem Menuett, einer Gavotte, einer Loure etc. Diese Art der zweiteiligen Arien wurden aber auch in italienischer oder italienisch beeinflusster Musik verwendet, beispielsweise von Händel (besonders in frühen Opern wie Agrippina (1709) oder später in Serse (1738)) oder von Reinhard Keiser. In der italienischen und deutschen Oper konnten die Reprisen (Wiederholungen) vom Sänger ausgeziert werden; in der französischen Oper waren zusätzliche willkürliche Verzierungen jedoch nicht üblich. Im frühen Barock bis ca. 1680/1700 waren auch Ostinato-Arien sehr beliebt, oft als Lamento. Beispiele gibt es besonders in den Opern Francesco Cavallis oder in Henry Purcells Dido and Aeneas (1689). Eine beherrschende Stellung in der Barockmusik erlangte die Da-capo-Arie in der Form A-B-A. Dabei bilden die beiden Teile A und B oft (aber nicht immer) einen deutlichen Kontrast, z. B. steht der B-Teil meistens und mindestens in einer anderen Tonart, oder er moduliert durch und in andere Tonarten. Im Extremfall hat er sogar einen ganz anderen Affekt, und kann dann nicht nur in einem anderen Tempo, sondern auch in einem anderen Metrum stehen (z. B. „Ah mio cor, schernito sei“ in Händels Alcina (1735)). Ein wichtiger Sinn der Dacapo-Arie ist, dass die Wiederholung des A-Teils vom Sänger nach Möglichkeit mit willkürlichen Manieren ausgeziert werden sollte, also mit zusätzlichen Läufen, Umspielungen, auch Trillern u. a. Allerdings wurde auch der originale A- und der B-Teil mit Trillern verziert, vor allem bei Kadenzen – dies war völlig selbstverständlich, und wurde deshalb auch normalerweise gar nicht notiert, im Gegensatz zur französischen Musik, wo man alle Triller und Mordente aufschrieb. Die Dacapo-Arie war also eine bedeutende Möglichkeit, die eigene Fantasie und sogar kompositorische Fähigkeiten zu demonstrieren, und natürlich die eigenen stimmlichen und technischen Fähigkeiten des Sängers ins rechte Licht zu rücken. Zur Freude des Publikums.Die erste Da-Capo-Arie taucht zuerst in Monteverdis L’Orfeo (1607) auf. Im 17. und 18. Jahrhundert wird die Form weiter ausgebaut. Nicht selten enthalten große Da-capo-Arien auch rein instrumentale Ritornelle. Zur höchsten Blüte kam die Da-capo-Arie am Höhepunkt der Neapolitanischen Opernschule. Während die alte einfache Strophenliedform der Arie der Charakterisierung volkstümlicher Partien (in der Opera buffa) vorbehalten blieb, war die Dacapo-Arie ein typischer Bestandteil des aristokratischen oder mythologischen Personals der Opera seria. Die Dacapo-Arienform wurde ab ca. 1750 häufig leicht abgewandelt, dabei wurde der A-Teil oft etwas verkürzt (Dal segno), beispielsweise konnte eine lange Orchestereinleitung wegfallen (z. B. in frühen Mozart-Opern wie Mitridate (1770) oder Lucio Silla (1772)). Zu den Komponisten, welche Dacapo-Arien schrieben, gehören: Alessandro Scarlatti und andere Vertreter der Neapolitanischen Oper, Antonio Caldara, Antonio Vivaldi, Giovanni Battista Bononcini, Nicola Antonio Porpora, Georg Friedrich Händel, Johann Sebastian Bach, Georg Philipp Telemann, Johann Adolph Hasse, Baldassare Galuppi, Christoph Willibald Gluck, Wolfgang Amadeus Mozart u. v. a. Im Spätbarock bis ca. 1800 kam auch das Rondo (A-B-A-C-A) auf, in der klassischen Oper meistens als Rondò finale. Das letztere war ausschließlich dem Primo uomo oder der Primadonna vorbehalten, und wurde erst gegen Ende gesungen. Beispiele sind in Mozarts La clemenza di Tito (1791) die Arien „Deh, per questi istante solo“ für den primo uomo Sesto und „Non più di fiori“ für die prima donna Vitellia. Auch hier bieten rein theoretisch alle Wiederholungen des A-Teils dem Sänger oder der Sängerin die Möglichkeit für Ausschmückungen mit eigenen improvisierten Ornamenten, die im Idealfall bei jeder Wiederholung zum Ende hin üppiger werden können, im Sinne einer Steigerung – allerdings muss dabei natürlich der Ausdruck (affetto) und Tonfall der Arie beachtet werden. Nach 1750 kam auch eine zweiteilige Arien-Form A-B (oder A-A'-B) auf, die bereits auf die typische Arienform in der Belcanto-Oper des 19. Jahrhunderts hinwies. Diese Arienform war im Gegensatz zum statischen oder quasi-Konzert-Charakter der Dacapo-Arie dynamischer, und konnte von Komponisten wie Mozart oder Salieri auch dramaturgisch nutzbar gemacht werden. Die beidenTeile gehen oft ineinander über, davon ist der erste normalerweise langsam oder mäßig und meditativ, der zweite schnell und tendenziell virtuos. Ein typisches Beispiel hierfür ist z. B. Mozarts Konzert- bzw. Einlage-Arie „Vorrei spiegarvi, o Dio“, KV 418 (1783), oder auch die erste Arie der Königin der Nacht „O zittre nicht, mein lieber Sohn“ in der Zauberflöte. Diese Arienform wurde in der italienischen Belcanto-Oper des 19. Jahrhunderts noch ausgebaut, und besteht dort grundsätzlich aus einer ersten Aria oder Cavatine in einem lyrischen Moderato- oder Largo-Tempo, und einer abschließenden meist virtuosen Cabaletta; sowohl die Aria als auch die Cabaletta wurden oft wiederholt, und auch fürs 19. Jahrhundert ist bekannt, dass Wiederholungen in Arien grundsätzlich von Sängerin oder Sänger ausgeziert wurden. Zwischen diesen beiden Teilen gibt es oft einen mehr oder weniger langen und manchmal musikalisch gewichtigen Übergangsteil in der Mitte, wodurch das Ganze noch dynamischer und stärker in die Handlung eingebunden wird. Beispiele finden sich in jeder Oper von Komponisten wie Rossini, Bellini, Donizetti, dem frühen Verdi u. a., genannt sei hier die Auftrittsarie der Lucia „Regnava nel silenzio (= cavatina) … Quando rapita in estasi (= cabaletta)“ aus Donizettis Lucia di Lammermoor (1837). Die gleiche Form haben grundsätzlich auch Duette und andere Ensembles, und es kamen auch häufig Arien mit Einwürfen anderer Solisten und/oder des Chores vor, wie z. B. in Bellinis berühmter Arie „Casta Diva (= cavatina)... Ah, bello, a me ritorna (= cabaletta)“ aus Norma (1831). Rossini, Mercadante u. a. verwendeten auch manchmal eine erweiterte Variationsform als Arie, z. B. „D' Amor al dolce impero“ in Rossinis Armida (1817), die ebenfalls Ritornelle und eine Coda für Chor hat. Solche Variationsformen dienten besonders der Zurschaustellung sängerischer Bravour. Im späten 18. Jahrhundert, sowohl in der komischen Oper, und auch nach der so genannten Opernreform durch Christoph Willibald Gluck, der damit die von anderen formalen Schemata geprägte Tradition der französischen Oper weitergab, näherte sich die Arie wieder mehr der Liedform an. Besonders in Deutschland im 19. Jahrhundert wurde die Arie dabei zunehmend stark vom Volkslied beeinflusst (z. B. Webers Freischütz (1821)). In der spätromantischen und veristischen Oper ging die Arie immer mehr in der Szene oder Scena auf. "
11,Oper,466,"Dein ist mein ganzes Herz ist eine Arie aus dem 2. Akt der 1929 uraufgeführten Operette „Das Land des Lächelns“  von Fritz Löhner-Beda und Ludwig Herzer mit Musik von Franz Lehár.Das Lied steht in Des-Dur und ist nach dem Schema Einleitung-Refrain-Strophe-Refrain aufgebaut. Das dreitaktige, mit einem  verminderten Septakkord in Fortissimo einsetzende Vorspiel erzeugt sofort eine dramatische Stimmung. Die im Vier-Viertel-Takt gehaltene Titelmelodie („Allegretto moderato ma non troppo“) geht im 16. Takt durch zwei überleitende Takte mit dem 2. Thema in die Strophe über, die im Sechs-Achtel-Takt („Etwas bewegter“) gehalten ist und durch charakteristische Läufe aus Sechzehntelnoten begleitet wird. Danach wird die Titelmelodie wiederholt und endet schneller werdend („Allegro“) mit dem über vier Takte gehaltenen Schlusston im dreifachen Fortissimo.Teile des Liedes schrieb Lehár bereits in der 1923 unter dem Namen „Die gelbe Jacke“ uraufgeführten Erstfassung der Operette für die Person des chinesischen Prinzen Sou-Chong. Fritz Löhner-Beda verlegte daraus die Passage Duft strömt aus deinem Haar und deine Haut ist wie Parfüm… aus dem ersten in den zweiten Akt und textete stattdessen Dein ist mein ganzes Herz, wo du nicht bist, kann ich nicht sein…. Die Melodie dafür fand er in einem 16-taktigen Arioso auf Seite 120 der 124 Seiten langen Klavierpartitur, das dem Gedächtnis des Komponisten bereits entfallen war.
Das Lied wurde dem Tenor Richard Tauber gewidmet, der es uraufführte, aber auch immer wieder als Zugabe sang und so zu großer Popularität brachte. Nach der 1938 erfolgten Emigration Taubers nach London wurde das Lied auch im englischen Sprachraum sowohl mit dem deutschen Text als auch in der englischen Übersetzung („You are my heart's delight“) ein Weltschlager. Es galt als „das Tauberlied“.
Am 10. Dezember 2012 wurde das Lied in Oslo von Tenor Brenden Gunnell zum Abschluss der Feier zur Verleihung des Friedensnobelpreises an die Europäische Union gesungen.Weitere Interpreten des Liedes waren unter anderem: Joseph Schmidt, Fritz Wunderlich, Jussi Björling, Mario Lanza, Sergio Franchi im Duett mit Anna Moffo, Plácido Domingo, José Carreras, Luciano Pavarotti, Jonas Kaufmann, Anna Netrebko, Rolando Villazón, Stuart Burrows und Rudolf Schock. Modernisierte Adaptionen gibt es u. a. von Oscar Peterson, James Last, Frank Sinatra, Manfred Krug und Max Raabe.1985 veröffentlichte Heinz Rudolf Kunze seinen bislang erfolgreichsten Song Dein ist mein ganzes Herz vom gleichnamigen Album. Darin zitiert er nicht nur den Titel der Arie, sondern auch die Zeile Wo du nicht bist, kann ich nicht sein.Aufnahme von 2006 mit Anna Netrebko, Plácido Domingo, Rolando Villazón und den Berliner Philharmonikern"
12,Oper,132,"La donna è mobile [la ˈdɔnna ɛ ˈmɔːbile] („Die Frau ist launisch“ oder „O wie so trügerisch sind Weiberherzen“) ist die Kanzone des Herzogs von Mantua aus dem dritten Akt von Giuseppe Verdis Oper Rigoletto aus dem Jahr 1851.
Der Text geht auf einen Ausspruch Franz I. zurück: „Souvent femme varie. Bien fol est qui s’y fie!“ (Oft ist die Frau trügerisch. Ein Narr, wer ihr vertraut!), den Victor Hugo wörtlich in sein Stück Le roi s’amuse, die Vorlage zu Rigoletto, übernommen hatte.Die deutsche Übersetzung stammt von Johann Christoph Grünbaum, die deutschsprachige Premiere war am 30. Januar 1853 in Stuttgart.

== Einzelnachweise =="
13,Oper,102,"E lucevan le stelle (italienisch für: ""Und es leuchteten die Sterne"") ist eine Arie in Giacomo Puccinis Oper Tosca, die am 14. Januar 1900 im Teatro Costanzi in Rom uraufgeführt wurde.
Das Stück gilt als eine der bekanntesten und beliebtesten Opernarien. Sie wurde in h-Moll verfasst, das Libretto stammt von Giuseppe Giacosa und Luigi Illica. Sie wird im 3. Akt der Oper von Toscas Geliebtem, dem Maler Mario Cavaradossi (Tenor), gesungen, als dieser kurz vor seiner Hinrichtung einen letzten Abschiedsbrief an Tosca schreiben darf."
14,Oper,296,"Habanera, oder L'amour est un oiseau rebelle (dt. Die Liebe ist ein wilder Vogel), ist der Name einer bekannten Arie aus Carmen, einer Oper von Georges Bizet. Die Oper wurde am 3. März 1875 in der Opéra-Comique in Paris uraufgeführt, das Libretto der Oper stammt von Henri Meilhac und Ludovic Halévy, wobei der Text der Arie von Bizet selbst verfasst wurde. Die Habanera-Arie basiert auf El Arreglito von Sebastián de Yradier und erfreut sich auch außerhalb der Opern-Welt großer Beliebtheit. Die Arie wird im I. Akt von der Titelfigur, der Zigeunerin Carmen (Mezzosopran), gesungen, sie bringt darin ihre Gleichgültigkeit gegenüber den Liebesbeteuerungen und Annäherungsversuchen ihrer zahlreichen Verehrer zum Ausdruck.Carmens Habanera ist für eine Mezzosopranstimme geschrieben. Die ersten 19, beziehungsweise 16, Takte mit der markanten chromatisch absteigenden Melodielinie der beiden Strophen erklingen in d-Moll, die folgenden in D-Dur. Das Taktmaß sind langsame 2⁄4. Bizet gibt die Tempobezeichnung Allegretto quasi Andantino vor und als Wert für das Metronom  = 72 an. Die Viertelnote soll also mit 72 Schlägen pro Minute gespielt werden. Die Arie dauert mit ihren 120 Takten je nach Interpretation daher zwischen dreieinhalb und viereinhalb Minuten. Die musikalische Tonstärke beginnt zunächst mit einem äußerst leisen  (pianissimo) und steigert sich am Ende zu einem triumphierenden  (fortissimo) im Schlussakkord.Georges Bizet verwandte die Melodie der Habanera auch konzertant in seiner zweiten Carmen-Suite für Orchester. Darüber hinaus wurde das Stück von vielen Künstlern adaptiert, bearbeitet und transkribiert, so auch von Friedrich Hollaender, der 1931 in seinem satirischen Couplet An allem sind die Juden schuld für die Berliner Kabarettistin Annemarie Hase die Melodie der Habanera nutzt."
15,Oper,530,"Der Hölle Rache kocht in meinem Herzen ist die zweite Arie der Königin der Nacht in Wolfgang Amadeus Mozarts Oper Die Zauberflöte.Der Hölle Rache kocht in meinem Herzen, gewöhnlich abgekürzt als Der Hölle Rache, wird oft als die „Rachearie“ oder „Arie der Königin der Nacht“ bezeichnet, obwohl die Rolle schon im ersten Akt mit der Arie: O zittre nicht, mein lieber Sohn auftritt, die im abschließenden Teil zahlreiche Koloraturen enthält.
Die Arie ist Teil des 2. Akts der Zauberflöte. Von Rachsucht getrieben, gibt die Königin der Nacht ihrer Tochter Pamina ein Messer und trägt ihr auf, ihren Rivalen Sarastro zu ermorden. Andernfalls verstoße und verlasse sie ihre Tochter Pamina. („Fühlt nicht durch dich Sarastro Todesschmerzen, so bist du meine Tochter nimmermehr.“)Die Arie ist in d-Moll geschrieben und für 2 Flöten, 2 Oboen, 2 Fagotte, 2 Hörner in F, 2 Clarini (Trompeten) in D, Pauken und Streicher instrumentiert. Die Tonart d-Moll hat bei Mozart oftmals dramatisch hochgeladene, düster-schicksalsschwere Bedeutung, wie beispielsweise in der Ouvertüre zu Don Giovanni, im Klavierkonzert KV 466 oder schließlich im Requiem KV 626. Die Orchesterbegleitung fällt hier größer aus als bei O zittre nicht; bis auf die Klarinetten und Posaunen ist das ganze Orchester beteiligt.
Der Hölle Rache ist als besonders anspruchsvolles Stück bekannt. Der Tonumfang geht über zwei Oktaven, vom f1 bis zum f3. Die Arie erfordert für die Sopransolistin eine besonders hohe Tessitur.Das Libretto wurde von Emanuel Schikaneder geschrieben, der in der Uraufführung auch den Papageno spielte.

Der Text beginnt mit einem Vierzeiler im jambischen Fünfheber – ungewöhnlich für die Zauberflöte, die zum Großteil aus jambischen Tetrametern besteht. Darauf folgen vier Verse im jambischen Dreiheber, das abschließende Couplet besteht wiederum aus Fünfhebern. Das Reimschema ist [ababcccded].Die erste Sängerin, die die Arie auf der Bühne sang, war Mozarts Schwägerin Josepha Hofer, die zu diesem Zeitpunkt 33 Jahre alt war. Es heißt, dass Hofer eine besonders bewegliche Stimme mit einem ausgeprägten hohen Register hatte. Um das zu zeigen, schrieb Mozart ihr die beiden Arien der Königin der Nacht „auf den Leib“.
In einem Brief aus dem Jahr 1840 schrieb der Komponist Ignaz von Seyfried:

„Am Abend des 4. Dezember lag Mozart schon in Fantasien und wähnte im Wiednertheater der Zauberflöte beyzuwohnen; fast die letzten, seiner Frau zugeflüsterten Worte waren: ‚Still! still! jetzt nimmt die Hofer das hohe F; – jetzt singt die Schwägerin ihre zweyte Arie: »Der Hölle Rache«; wie kräftig sie das B anschlagt und aushält: »Hört! hört! hört! der Mutter Schwur!«“Die Arie, gesungen von Edda Moser, gehört zu den ausgewählten Musikstücken, die als Beispiele für die Musik der Menschheit auf Voyager Golden Records aufgenommen wurden. Diese Datenplatten verließen an Bord der Raumsonden Voyager 1 und Voyager 2 das Sonnensystem."
16,Oper,649,"I Got Plenty o’ Nuttin’ (auch I Got Plenty o’ Nothin’) ist der Name einer Arie aus George Gershwins Folk-Oper Porgy and Bess, die er 1933–35 komponierte. Die Handlung stammt aus dem Roman Porgy von DuBose Heyward, der auch das Libretto der Oper abfasste und zusammen mit Georges Bruder Ira Gershwin als Urheber für die Liedtexte genannt wird. Die Arie gilt heute neben Summertime, It Ain’t Necessarily So und I Loves You, Porgy als eines der bekanntesten Lieder dieser Oper und auch als ein Evergreen.Die Musik dieser Arie ist, wie alle anderen der Oper, jazzgebunden. Sie steht in G-Dur und im 2/4-Takt. Das Orchestervorspiel bewegt sich leitereigen vom d bis zum viergestrichenen d, wobei in den Nebenstimmen sehr viele Quinten enthalten sind. Im Takt 5 setzten alle Streicher aus, sodass nur noch das Klavier zu hören ist, worauf schließlich die Gesangsstimme einsetzt. Bei längeren Haltetönen in der Gesangsstimme hat häufig die Klarinette ein kurzes, Blue Notes enthaltendes Zwischenspiel.
Häufig kommen Zwischendominanten vor, die kurzzeitig in eine andere Tonart überleiten, die jedoch schließlich durch eine Mediante wieder in die ursprüngliche Tonart enden.Der Text der Arie handelt stets von der Einstellung Porgys gegenüber materialistischen Dingen und deren Wert. Er zieht so beispielsweise zum Vergleich, dass die reiche Bevölkerung Schlösser an den Türen hat, dass ihr Besitz nicht gestohlen wird. Porgy hingegen hat nicht besonders viel, was gestohlen werden könnte, und falls sein Teppich von seinem Boden gestohlen wird, sei ihm das gleichgültig, denn die Dinge, auf die er Wert legt, sind die Sterne, die Sonne, der Mond, seine Freundin, sein Gott und sein Lied.
Was auf den ersten Blick etwas sarkastisch wirkt, zeigt sich später als absolut ernstgemeinte Ansicht.Bei der Sprache in der Arie handelt es sich um einen Dialekt der afro-amerikanischen Bevölkerung der Südstaaten, den Gershwin während einer zweijährigen Studienreise erforscht hat. So heißt es:

De folks wid plenty o' plenty got a lock on de door ...
Dey kin steal the rug from de floor, dat's okeh wid me
I got my gal, got my song, got Hebben the whole day longFrank Sinatra nahm den Song am 15. November 1956 auf, in einem Jazz-Arrangement von Nelson Riddle. Diese Fassung erschien 1957 auf dem Capitol-Album „A Swingin' Affair!“ Das war der Ausgangspunkt für zahlreiche weitere Einspielungen: Im gleichen Jahr nahmen Louis Armstrong und Ella Fitzgerald das Stück für ihr 1959 erschienenes Porgy & Bess-Album auf; 1958 folgte dann Sammy Davis junior. Eine erste instrumentale Interpretation des Titels findet sich auf dem Album The Jazz Soul of Porgy and Bess (1959), an dem Art Farmer, Bob Brookmeyer und Bill Evans beteiligt waren. Oscar Peterson spielte das Stück mehrfach, zunächst ebenfalls 1959 für ein Porgy & Bess Album ein. So nahm er es auch 1976 im Duo mit Joe Pass auf, wobei er Spinett spielte.Joe Henderson ging für das Stück 1997 mit John Scofield und Dave Holland ins Studio und spielte es 1997 auch regelmäßig auf seiner Europatournee und anschließend bei weiteren Auftritten (z. B. im Lincoln Center).Im Bereich der klassischen Musik diente das Stück dem Pianisten und Organisten Wayne Marshall als Material für eine Orgelimprovisation (auf der CD Organ Improvisation, 2000). Das New Century Saxophone Quartet spielte das Stück auf seiner CD Main Street USA (1996). Beatrice und Maurice André interpretierten es auf ihrem Gershwin-Album, ebenso die Canadian Brass. Es existieren auch Arrangements des Stücks für Blasorchester, sowohl in Instrumentalfassungen als auch mit Gesangssolisten.


== Anmerkungen =="
17,Oper,469,"Der Liebestod ist ein literarisches Motiv, das mit Richard Wagners Musikdrama Tristan und Isolde (1859) in Verbindung gebracht wird. Die Protagonisten der Oper sehnen den Tod als Vollendung ihrer gesellschaftlich unmöglichen, da ehebrecherischen Liebe herbei.Am Schluss der Oper, nachdem Tristan nach langem Siechtum aufgrund einer Verwundung gestorben ist, sinkt auch Isolde über seiner Leiche zusammen. Ihr Sologesang am Schluss, das allgemein unter dem Titel „Isoldes Liebestod“ bekannt ist, nannte Wagner selbst jedoch „Isoldes Verklärung“. Als Liebestod bezeichnete Wagner das Orchestervorspiel zum ersten Aufzug des Werks. Allerdings bezeichnet das Libretto die Körper der dahingesunkenen Isolde und Tristans als „Leichen“, was darauf hinweist, dass Isolde im Tod tatsächlich die ersehnte Vereinigung mit Tristan erreicht hat.Die literarische Vorlage, Gottfried von Straßburgs mittelalterliche Verserzählung Tristan und Isolde (um 1210), ist ein Fragment geblieben. Der gemeinsame Tod des Liebespaars stammt aus Heinrich von Freibergs Feder (um 1290). Allerdings lässt er eine Warnung vor den Gefahren der weltlichen Liebe folgen.
Shakespeare übernimmt mit dem (vordergründig) gerechten Tod von Romeo und Julia (1595) noch das Motiv der betrogenen Betrüger aus der mittelalterlichen Moralität. Der Freitod war nach christlicher Vorstellung ein Gipfel der Selbstherrlichkeit – unter der Voraussetzung, dass der Tod eine Gnade sei und man sich eine Gnade nicht selbst geben könne. Daher spielte das Motiv des Liebestods im Zuge der Auflehnung gegen die Vanitas seit Ende des 18. Jahrhunderts eine Rolle.
Seit dem späteren 18. Jahrhundert geschah eine Befreiung von religiösen Vorstellungen. Goethes Roman Die Leiden des jungen Werthers (1774), in dem sich ein unglücklich Liebender umbringt, löste einen Werther-Effekt aus. Auch der Freitod des Dichters Heinrich von Kleist zusammen mit Henriette Vogel 1811 wird oft mit dem Motiv des Liebestods in Zusammenhang gebracht.
Auf der Opernbühne entfaltete der Liebestod eine eigenständige Tradition, seit man Gegenmodelle zur aristokratischen Tragödie suchte. Eine melodramatische Version findet sich bereits in Peter von Winters Lenardo und Blandine (1779). Ein wesentliches Vorbild für Wagner war Vincenzo Bellinis I Capuleti e i Montecchi (1830), eine Oper, die er schon in Riga dirigiert hatte. Auch im Spätwerk Giuseppe Verdis (Otello, Aida) ist der Liebestod als zentrales Motiv hervorgehoben worden.Während seines gesamten Films Patriotismus (1966) lässt Yukio Mishima eine alte Schallplattenaufnahme von Wagners Liebestod im Hintergrund erklingen. Thematisiert wird der gemeinsame Suizid eines Militärs und seiner Frau nach dem Putschversuch in Japan vom 26. Februar 1936.
Als Symbol für gemeinsamen Untergang ohne den Vordergrund einer individuellen Liebesbeziehung steht dieselbe Musik in Lars von Triers Melancholia (2011)."
18,Oper,750,"Nessun dorma (italienisch für ‚Niemand schlafe‘) ist die Arie des Prinzen Kalaf zu Beginn des 3. Aktes der Oper Turandot von Giacomo Puccini, die 1926 in Mailand uraufgeführt wurde.
In der Oper, deren Handlung vor 3000 Jahren im chinesischen Reich spielt, löst der fremde Prinz Kalaf das Rätsel der Prinzessin Turandot und gewinnt sie damit als Gemahlin.
Er stellt der Prinzessin jedoch in Aussicht, sie von ihrem Heiratsversprechen zu entbinden, wenn sie bis Sonnenaufgang seinen Namen herausfinden würde.
Daraufhin befiehlt Turandot, dass niemand in Peking schlafen dürfe, alle sollten nach dem Namen des unbekannten Prinzen fahnden. Die Untertanen werden mit der Todesstrafe bedroht, falls sie den Namen nicht herausfinden sollten.
Boten verkünden: Questa notte nessun dorma in Pechino – ‚Diese Nacht soll niemand schlafen in Peking‘. Daraufhin wiederholt der Chor die Worte Nessun dorma. Auch Kalaf greift diese Worte zu Beginn der Arie auf und zeigt sich standhaft und gewiss, dass die Prinzessin das Geheimnis seines Namens nicht lösen wird.Seit der Uraufführung der Oper am 25. April 1926 durch Arturo Toscanini an der Mailänder Scala gehört die Arie zum Standardrepertoire aller großen Tenöre. Der Kalaf der Uraufführung war der spanische Tenor Miguel Fleta. Der lyrische Tenor Fritz Wunderlich sang die Arie 1958 unter dem deutschen Titel Keiner schlafe. 
Luciano Pavarotti erlangte mit Puccinis Arie große Popularität über die Opernbühne hinaus. Sie wurde der Höhepunkt vieler seiner Konzerte und führte in der Öffentlichkeit zu einer Identifizierung des Sängers mit diesem Werk. 
Die Arie Nessun dorma war auch Teil des Programms der Drei Tenöre anlässlich der Fußball-Weltmeisterschaft 1990, die eine weltweite Einschaltquote von einer Milliarde erreichte. Der Mitschnitt dieses Konzerts gilt als erfolgreichste Klassik-DVD aller Zeiten.Der bis dahin weitgehend unbekannte britische Tenor Paul Potts gewann 2007 mit einer Version von Nessun dorma die Castingshow Britain’s Got Talent, die auch die Single-Charts erreichte.
Die Übernahme dieser Aufnahme in einen Werbespot der Deutschen Telekom führte zu einer weiteren Popularisierung.2012 sang die neunjährige Amira Willighagen die Arie in der TV-Show Holland's Got Talent.Nessun dorma wurde unter anderem in den Filmen Hereafter – Das Leben danach, Liebe hat zwei Gesichter, Die Hexen von Eastwick, Geliebter Giorgio, Der Anschlag, Hannibal, American Princess, The Killing Fields – Schreiendes Land, Kick it like Beckham, Boxing Helena, Das Meer in mir, Philadelphia, Destiny – Einmal ganz oben stehen, Rezept zum Verlieben und auch kurz in Man on Fire, Die Insel, Toys, Die Furchtlosen Vier sowie in den Episoden der Fernsehserien Dr. House (Autopsie), Six Feet Under (Nobody Sleeps), Malcolm mittendrin (Deweys Oper) und den Tatort-Folgen Pechmarie (2006) und Die chinesische Prinzessin (2013) und Marvel’s Daredevil (Nelson und Murdock) verwendet. In Mission: Impossible – Rogue Nation (2015) taucht das Motiv bei mehreren Schlüsselszenen in der Filmmusik auf. Eine wiederkehrende Untermalung ist die Arie in der verfilmten Autobiographie von Enzo Ferrari, in der der Hauptdarsteller Sergio Castellitto eine Interpretation von Nessun dorma singt. Für den Episodenfilm Aria hat Ken Russell eine Episode zu dieser Arie gedreht. Eine Bearbeitung für Gitarre findet sich in der Serie Shaun das Schaf in der Folge mit dem Titel Gemüsefußball. In dem Film To Rome With Love von Woody Allen spielt die Arie ebenfalls eine zentrale Rolle.Zu den zahlreichen Adaptationen des Stückes gehört eine Bearbeitung der True-Metal-Band Manowar auf dem 2002 erschienenen Album Warriors of the World, eine Version von Albano Carrisi, der auch durch das italienische Duo Al Bano & Romina Power bekannt ist, und ein Rap von Mobb Deep (1997). Ferner gibt es Versionen von Michael Bolton, Sarah Brightman, Lester Bowie, Jeff Beck, Turin Brakes, Aretha Franklin und dem True Symphonic Rockestra. 
Bei ihrem Olympiasieg 2006 in Turin lief die japanische Eiskunstläuferin Shizuka Arakawa in der Kür zu einer Violinenfantasie dieser Musik. In der Dance-Szene erreichte eine von Lacrima gesampelte Version größere Bekanntheit.
Der deutsche Liedermacher Konstantin Wecker kreierte mit dem Stück Für meinen Vater seine eigene Version von Nessun dorma.
Das Original Vogtlandecho produzierte 2011 eine volkstümliche Version. Die klassische Version wurde beibehalten, jedoch mit Sequenzen aus der Volksmusik ergänzt."
19,Oper,188,"O mio babbino caro („O mein lieber Papa“) ist der Name einer Arie aus Giacomo Puccinis einaktiger Oper Gianni Schicchi. Die Uraufführung der Oper fand 1918 zusammen mit Il tabarro und Suor Angelica als Il trittico (Das Triptychon) in der Metropolitan Opera in New York City statt. Das italienische Libretto stammt von Giovacchino Forzano. O mio babbino caro ist das bekannteste Stück der Oper, weshalb Gianni Schicchi auch häufiger außerhalb des Triptychons aufgeführt wird. Die Sopran-Arie wird von der Tochter der Titelfigur Gianni Schicchi, Lauretta, in der Mitte der Oper gesungen. Lauretta bringt darin gegenüber ihrem Vater ihre große Liebe zu dem jungen Rinuccio zum Ausdruck, die soweit geht, dass sie sich sogar zum Ertrinken in den Fluss Arno stürzen würde, falls sie nicht in Erfüllung geht. Das Stück gilt als eine der bekanntesten und beliebtesten Opernarien, so erhielt z. B. die australische Sopranistin Joan Hammond 1969 eine Goldene Schallplatte für über 1 Mio. verkaufter Exemplare der Arie unter dem englischen Titel O My Beloved Father."
